video,label,total_frames,max_tflite_conf,final_torso_angle,final_aspect_ratio
S_N_104_resized.mp4,Fall,48,0.951059103012085,9.403811599255695,2.8927671388441056
20240917120948.mp4,Fall,57,0.9400515556335449,7.152521425009647,6.039990674864603
20240913123708.mp4,Fall,56,0.9868965744972229,9.47531100357051,1.9446728794159975
S_N_52.mp4,Fall,48,0.9371175765991211,26.99869123770072,1.1863683092123718
C_D_0187.mp4,Fall,60,0.962604820728302,3.83327776122895,1.4435392513762642
C_D_0053.mp4,Fall,120,0.9936699271202087,41.471976703454516,0.38049677639467416
20240919203910.mp4,Fall,57,0.9787381887435913,0.5732726310480065,3.6482682125389285
20240917131905.mp4,Fall,57,0.9777410626411438,41.193266818699975,0.5678044389416073
S_N_500_resized.mp4,Fall,90,0.9824695587158203,1.0101056853784618,5.665507876804357
20240916195540.mp4,Fall,57,0.9924730062484741,21.073191397594815,0.6674092391358827
S_N_246_resized.mp4,Fall,90,0.9735130667686462,12.822267323221626,1.4312799723979046
S_N_516_resized.mp4,Fall,90,0.9853704571723938,3.5154957271287923,4.765145104259182
S_F15_cam8.mp4,Fall,60,0.9472702741622925,25.74163444202478,1.1214460368813826
20240915183820.mp4,Fall,56,0.9424520134925842,14.466285111828789,2.9659564894950967
S_M_143_resized.mp4,Fall,60,0.99233478307724,58.88819345956267,0.4802381628385953
C_N_402.mp4,Fall,90,0.9926102757453918,3.7472322173695773,1.9749815352138245
20240913125318.mp4,Fall,57,0.9071800708770752,5.686613346937464,1.0915302534303835
20240913124931.mp4,Fall,56,0.9096508622169495,26.900312447829727,0.3645688739158335
20240915185510.mp4,Fall,56,0.9481412172317505,23.235642472515458,0.5641288844074192
20240919202747.mp4,Fall,57,0.9682620763778687,9.006927993652136,1.3325938919633287
C_D_0002.mp4,Fall,150,0.9897644519805908,2.5519783385153993,1.5656326119321002
S_D_0138_resized.mp4,Fall,150,0.9708929657936096,0.6506162581082889,6.583272435743687
S_M_186_resized.mp4,Fall,72,0.9927686452865601,19.081588954445255,1.511671599507621
20240913124200.mp4,Fall,57,0.7282758951187134,26.300167565966955,1.338071098677905
S_F2_cam1.mp4,Fall,60,0.979974627494812,25.938126691157034,0.5410053752059558
20240919161720.mp4,Fall,57,0.9864668250083923,3.7135723623684287,4.141960367056658
S_N_423.mp4,Fall,60,0.9032400250434875,3.7893945703685046,0.9844656662375622
S_N_145.mp4,Fall,90,0.953508198261261,50.82992806859791,0.6519899314726648
S_N_368_resized.mp4,Fall,60,0.9464952945709229,8.021814540394478,2.570517686521616
S_F15_cam7.mp4,Fall,60,0.9719510078430176,26.7773126664101,0.21745988020198287
B_M_19_resized.mp4,No_Fall,90,0.00851459987461567,16.222782995608778,0.8692311142631541
R0061.mp4,No_Fall,57,0.9076126217842102,82.71728393998437,0.2771575394292325
C0328.mp4,No_Fall,56,0.8139228224754333,31.90608916174466,0.21130480169523871
W0044.mp4,No_Fall,56,0.03176947683095932,82.3734757002546,0.15433769688260537
S_D_0215.mp4,No_Fall,120,0.9662337303161621,62.19351735026946,0.16531535340413075
S_D_0173.mp4,No_Fall,150,0.0050089433789253235,68.96354787460443,0.124989724807577
W0275.mp4,No_Fall,56,0.6168102025985718,82.24761468738345,0.23364114448840992
W0178.mp4,No_Fall,56,0.7402895092964172,70.00454120326722,0.3776815804000479
C_M_02.mp4,No_Fall,60,0.3815683424472809,56.738770319831445,0.305850213260458
R0165.mp4,No_Fall,56,0.5370641946792603,76.91043057940632,0.15007496154170602
B_N_465_resized.mp4,No_Fall,119,0.9112920165061951,3.6454447320336456,5.4320221499264925
S_N_134_resized.mp4,No_Fall,90,0.7126255035400391,45.70703985321342,0.2587916930076185
B_M_156.mp4,No_Fall,120,0.9698519110679626,11.938081817731707,2.212688053316484
B_D_0233.mp4,No_Fall,120,0.857888400554657,19.056459296267366,1.350254433782314
C0058.mp4,No_Fall,57,0.6013349890708923,72.52354499060479,0.16074183769038494
S_N_430.mp4,No_Fall,119,0.887675404548645,63.57040543540222,0.1811409925045055
C0313.mp4,No_Fall,57,0.17852899432182312,85.67533461591373,0.17438708480370663
B_M_207.mp4,No_Fall,180,0.9938115477561951,8.522330548687483,2.4875348225159937
W0152.mp4,No_Fall,56,0.305552214384079,79.99224729521339,0.21459054766451005
C0078.mp4,No_Fall,57,0.31316131353378296,19.6158962567923,0.19603262129776844
W0198.mp4,No_Fall,57,0.06088734790682793,60.70164389848312,0.27288034434483166
B_M_98.mp4,No_Fall,180,0.9913027286529541,8.470901420215183,2.3025930463687283
C_M_162_resized.mp4,No_Fall,120,0.004711499437689781,80.8633029979555,1.109369708865046
C0264.mp4,No_Fall,56,0.7138574719429016,55.18397507641152,0.5321701569766913
C_N_241.mp4,No_Fall,120,0.9015418291091919,62.79017391584737,0.16558640656549983
S_D_0246.mp4,No_Fall,150,0.5981202721595764,69.56384698323296,0.22842349249841193
W0063.mp4,No_Fall,57,0.5444053411483765,83.18605144039127,0.18790267729823418
C_M_105.mp4,No_Fall,180,0.005195366218686104,64.41564371871512,0.2741685530777792
B_N_355.mp4,No_Fall,90,0.9862843751907349,16.682779776887667,0.3386085546853653
C_M_127.mp4,No_Fall,120,0.7015544176101685,35.60869721724368,0.5311461428740211
